<?xml version="1.0" ?>
<!DOCTYPE pmc-articleset PUBLIC "-//NLM//DTD ARTICLE SET 2.0//EN" "https://dtd.nlm.nih.gov/ncbi/pmc/articleset/nlm-articleset-2.0.dtd">
<pmc-articleset><article xmlns:mml="http://www.w3.org/1998/Math/MathML" xmlns:xlink="http://www.w3.org/1999/xlink" article-type="research-article">
  <?properties open_access?>
  <front>
    <journal-meta>
      <journal-id journal-id-type="nlm-ta">BMC Syst Biol</journal-id>
      <journal-id journal-id-type="iso-abbrev">BMC Syst Biol</journal-id>
      <journal-title-group>
        <journal-title>BMC Systems Biology</journal-title>
      </journal-title-group>
      <issn pub-type="epub">1752-0509</issn>
      <publisher>
        <publisher-name>BioMed Central</publisher-name>
        <publisher-loc>London</publisher-loc>
      </publisher>
    </journal-meta>
    <article-meta>
      <article-id pub-id-type="pmid">29560824</article-id>
      <article-id pub-id-type="pmc">5861486</article-id>
      <article-id pub-id-type="publisher-id">546</article-id>
      <article-id pub-id-type="doi">10.1186/s12918-018-0546-1</article-id>
      <article-categories>
        <subj-group subj-group-type="heading">
          <subject>Research</subject>
        </subj-group>
      </article-categories>
      <title-group>
        <article-title>In silico drug combination discovery for personalized cancer therapy</article-title>
      </title-group>
      <contrib-group>
        <contrib contrib-type="author">
          <name>
            <surname>Jeon</surname>
            <given-names>Minji</given-names>
          </name>
          <address>
            <email>mjjeon@korea.ac.kr</email>
          </address>
          <xref ref-type="aff" rid="Aff1">1</xref>
        </contrib>
        <contrib contrib-type="author">
          <name>
            <surname>Kim</surname>
            <given-names>Sunkyu</given-names>
          </name>
          <address>
            <email>mjjeon@korea.ac.kr</email>
          </address>
          <xref ref-type="aff" rid="Aff1">1</xref>
        </contrib>
        <contrib contrib-type="author">
          <name>
            <surname>Park</surname>
            <given-names>Sungjoon</given-names>
          </name>
          <address>
            <email>mjjeon@korea.ac.kr</email>
          </address>
          <xref ref-type="aff" rid="Aff1">1</xref>
        </contrib>
        <contrib contrib-type="author">
          <name>
            <surname>Lee</surname>
            <given-names>Heewon</given-names>
          </name>
          <address>
            <email>mjjeon@korea.ac.kr</email>
          </address>
          <xref ref-type="aff" rid="Aff2">2</xref>
        </contrib>
        <contrib contrib-type="author" corresp="yes">
          <name>
            <surname>Kang</surname>
            <given-names>Jaewoo</given-names>
          </name>
          <address>
            <email>kangj@korea.ac.kr</email>
          </address>
          <xref ref-type="aff" rid="Aff1">1</xref>
          <xref ref-type="aff" rid="Aff2">2</xref>
        </contrib>
        <aff id="Aff1"><label>1</label><institution-wrap><institution-id institution-id-type="ISNI">0000 0001 0840 2678</institution-id><institution-id institution-id-type="GRID">grid.222754.4</institution-id><institution>Department of Computer Science and Engineering, </institution><institution>Korea University, </institution></institution-wrap>Seoul, Korea </aff>
        <aff id="Aff2"><label>2</label><institution-wrap><institution-id institution-id-type="ISNI">0000 0001 0840 2678</institution-id><institution-id institution-id-type="GRID">grid.222754.4</institution-id><institution>Interdisciplinary Graduate Program in Bioinformatics, Korea University, </institution></institution-wrap>Seoul, Korea </aff>
      </contrib-group>
      <pub-date pub-type="epub">
        <day>19</day>
        <month>3</month>
        <year>2018</year>
      </pub-date>
      <pub-date pub-type="pmc-release">
        <day>19</day>
        <month>3</month>
        <year>2018</year>
      </pub-date>
      <pub-date pub-type="collection">
        <year>2018</year>
      </pub-date>
      <volume>12</volume>
      <issue>Suppl 2</issue>
      <issue-sponsor>Publication of this supplement has not been supported by sponsorship. Information about the source of funding for publication charges can be found in the individual articles. The articles have undergone the journal's standard peer review process for supplements. The Supplement Editor declares that they have no competing interests.</issue-sponsor>
      <elocation-id>16</elocation-id>
      <permissions>
        <copyright-statement>&#xA9; The Author(s) 2018</copyright-statement>
        <license license-type="OpenAccess">
          <license-p><bold>Open Access</bold> This article is distributed under the terms of the Creative Commons Attribution 4.0 International License (<ext-link ext-link-type="uri" xlink:href="http://creativecommons.org/licenses/by/4.0/">http://creativecommons.org/licenses/by/4.0/</ext-link>), which permits unrestricted use, distribution, and reproduction in any medium, provided you give appropriate credit to the original author(s) and the source, provide a link to the Creative Commons license, and indicate if changes were made. The Creative Commons Public Domain Dedication waiver (<ext-link ext-link-type="uri" xlink:href="http://creativecommons.org/publicdomain/zero/1.0/">http://creativecommons.org/publicdomain/zero/1.0/</ext-link>) applies to the data made available in this article, unless otherwise stated.</license-p>
        </license>
      </permissions>
      <abstract id="Abs1">
        <sec>
          <title>Background</title>
          <p>Drug combination therapy, which is considered as an alternative to single drug therapy, can potentially reduce resistance and toxicity, and have synergistic efficacy. As drug combination therapies are widely used in the clinic for hypertension, asthma, and AIDS, they have also been proposed for the treatment of cancer. However, it is difficult to select and experimentally evaluate effective combinations because not only is the number of cancer drug combinations extremely large but also the effectiveness of drug combinations varies depending on the genetic variation of cancer patients. A computational approach that prioritizes the best drug combinations considering the genetic information of a cancer patient is necessary to reduce the search space.</p>
        </sec>
        <sec>
          <title>Results</title>
          <p>We propose an in-silico method for personalized drug combination therapy discovery. We predict the synergy between two drugs and a cell line using genomic information, targets of drugs, and pharmacological information. We calculate and predict the synergy scores of 583 drug combinations for 31 cancer cell lines. For feature dimension reduction, we select the mutations or expression levels of the genes in cancer-related pathways. We also used various machine learning models. Extremely Randomized Trees (ERT), a tree-based ensemble model, achieved the best performance in the synergy score prediction regression task. The correlation coefficient between the synergy scores predicted by ERT and the actual observations is 0.738. To compare with an existing drug combination synergy classification model, we reformulate the problem as a binary classification problem by thresholding the synergy scores. ERT achieved an F1 score of 0.954 when synergy scores of 20 and -20 were used as the threshold, which is 8.7% higher than that obtained by the state-of-the-art baseline model. Moreover, the model correctly predicts the most synergistic combination, from approximately 100 candidate drug combinations, as the top choice for 15 out of the 31 cell lines. For 28 out of the 31 cell lines, the model predicts the most synergistic combination in the top 10 of approximately 100 candidate drug combinations. Finally, we analyze the results, generate synergistic rules using the features, and validate the rules through the literature survey.</p>
        </sec>
        <sec>
          <title>Conclusion</title>
          <p>Using various types of genomic information of cancer cell lines, targets of drugs, and pharmacological information, a drug combination synergy prediction pipeline is proposed. The pipeline regresses the synergy level between two drugs and a cell line as well as classifies if there exists synergy or antagonism between them. Discovering new drug combinations by our pipeline may improve personalized cancer therapy.</p>
        </sec>
      </abstract>
      <kwd-group xml:lang="en">
        <title>Keywords</title>
        <kwd>Combination therapy</kwd>
        <kwd>in silico</kwd>
        <kwd>Synergy prediction</kwd>
      </kwd-group>
      <conference xlink:href="https://www.kobic.kr/giw-bioinfo2017/">
        <conf-name>The 28th International Conference on Genome Informatics</conf-name>
        <conf-loc>Seoul, Korea</conf-loc>
        <conf-date>31 October - 3 November 2017</conf-date>
      </conference>
      <custom-meta-group>
        <custom-meta>
          <meta-name>issue-copyright-statement</meta-name>
          <meta-value>&#xA9; The Author(s) 2018</meta-value>
        </custom-meta>
      </custom-meta-group>
    </article-meta>
  </front>
  <body>
    <sec id="Sec1">
      <title>Background</title>
      <p>Researchers have been working for years to develop new cancer drugs with &#x201C;one drug, one target, one disease&#x201D; strategy. However, the discovery and approval of new molecular entities has been on the decline in the pharmaceutical industry [<xref ref-type="bibr" rid="CR1">1</xref>]. According to the Biotechnology Innovation Organization&#x2019;s 2016 report, the success rate of new drug development in oncology between 2006 and 2015 was 5.1%, the lowest among 14 major diseases while the overall average was 9.6% [<xref ref-type="bibr" rid="CR2">2</xref>]. Cancer is a complex disease in which various molecules interact; the networks formed by interactions are robust, redundant, and compensatory [<xref ref-type="bibr" rid="CR3">3</xref>]. When cancer is treated with a single drug that targets a specific molecule, the cancer tries to discover bypasses in the networks and finds alternative cancer addicted pathways to evade apoptosis or proliferate [<xref ref-type="bibr" rid="CR4">4</xref>]. Thus, it is difficult to develop a sustainable targeted cancer drug.</p>
      <p>Drug combination therapy, which is considered as an alternative to single drug therapy, can potentially reduce resistance and toxicity, and have synergistic effects [<xref ref-type="bibr" rid="CR5">5</xref>]. As drug combination therapies are widely used in clinics for hypertension, asthma, and AIDS, they have also been proposed for treating cancer. Since MOPP(Mechlorethamine, Oncovin, Procarbazine, Prednisone) has been used for Hodgkin&#x2019;s lymphoma in the 1960s, more than 50 drug combination therapies have been approved by the FDA. For example, the combination of vemurafenib, which targets BRAF, and cobimetinib, which targets MAP2K1, was approved by the FDA in 2015 for use in treating BRAF mutated melanoma.</p>
      <p>However, it is difficult to select and experimentally evaluate effective combinations because the number of cancer drug combinations is extremely large. The number of FDA-approved cancer drugs is more than 200. Combining two drugs will result in at least 19,900 combinations. Since several thousands of chemical compounds are used in clinical trials, the number of combinations to be tested will be in the millions. If we are combining three or more drugs, the number will increase exponentially.</p>
      <p>Moreover, it is assumed that drug combination therapy will always be better than a single drug treatment, but it may have synergistic or antagonistic effects depending on the genetic variation of a person [<xref ref-type="bibr" rid="CR6">6</xref>]. Therefore, it is necessary to consider the genetic characteristics of a patient when using drug combination therapy. Genetic variation makes it more difficult to generate biological hypotheses and experimentally discover effective drug combinations.</p>
      <p>For this reason, an efficient computational approach that prioritizes the best synergistic drug combinations while considering a cancer patient&#x2019;s genetic information is necessary. Many computational methods have been developed to find effective personalized drug combination therapies. As this problem is important, a community based-competition called the DREAM Challenge was launched to help generate drug combination prediction models [<xref ref-type="bibr" rid="CR7">7</xref>]. Although various models have been proposed for the DREAM Challenge, the models are insufficient for making a scalable prediction system for various cell lines and drug combinations using drug screening data of 14 drugs on the OCI-LY3 DLBCL cell line.</p>
      <p>There are various machine learning-based approaches. A sensitivity-based approach [<xref ref-type="bibr" rid="CR8">8</xref>] uses drug-response data on BRAF mutant melanoma cancer cell lines and employs a classification model that predicts synergistic drug combinations. Since this classification model uses only the BRAF mutant melanoma cell lines, it is difficult to generalize to all cancer types. It also cannot rank synergistic drug combinations. Drug target- or kinase inhibition profile-based approaches [<xref ref-type="bibr" rid="CR9">9</xref>, <xref ref-type="bibr" rid="CR10">10</xref>] find potential combinational targets based on individual drug effects. Matlock et al. attempted to find effective and less toxic combinational targets using drug sensitivity data of cancer cell lines and normal cells. The method by Matlock et al. is based on calculating the effectiveness probability of combinational targets using a drug&#x2019;s effect on the cell and the target information of the drug. However, to employ these approaches, we should know the effects of drugs including unintended off-target effects that are difficult to obtain. Moreover, there may not exist any drug known to target the combinational targets suggested by these systems. Network-based modeling [<xref ref-type="bibr" rid="CR11">11</xref>&#x2013;<xref ref-type="bibr" rid="CR13">13</xref>] uses cancer pathways or drug-target networks for discovering drug combinations. Unlike the other models, network-based models can be utilized to hypothesize intervention mechanisms because the models are based on prior knowledge such as molecular interaction networks and drug-target networks. However, the accuracy of the models can be lowered by the existing networks&#x2019; limited coverage. Although many studies have been proposed to find effective drug combinations, the studies are either limited to specific cancer types [<xref ref-type="bibr" rid="CR8">8</xref>], require comprehensive off-target information [<xref ref-type="bibr" rid="CR9">9</xref>, <xref ref-type="bibr" rid="CR10">10</xref>], or are based on incomplete prior knowledge [<xref ref-type="bibr" rid="CR11">11</xref>&#x2013;<xref ref-type="bibr" rid="CR13">13</xref>], making it difficult to perform scalable computational drug combination prediction using high-throughput drug screening data.</p>
      <p>To address these problems, we propose an in-silico method that uses unbiased high-throughput drug screening data for personalized synergistic drug combination therapy discovery for the treatment of cancer. Our machine learning models use the genomic information of cancer cell lines from various cancer types, regress the synergy level between two drugs and a cell line as well as classify whether there exists synergism or antagonism between them, and make synergistic rules for predicting the synergism of drug combinations using the features. The source code will be available at <ext-link ext-link-type="uri" xlink:href="http://infos.korea.ac.kr/dcpipe/">http://infos.korea.ac.kr/dcpipe/</ext-link>.</p>
    </sec>
    <sec id="Sec2">
      <title>Methods</title>
      <sec id="Sec3">
        <title>Approach</title>
        <p>We constructed a personalized drug combination synergy prediction pipeline and Fig.&#xA0;<xref rid="Fig1" ref-type="fig">1</xref> shows how our pipeline works with an example data. Synergy in the pipeline is defined as a synergy score quantified using a tool called Combenefit [<xref ref-type="bibr" rid="CR14">14</xref>]. We used genomic information such as gene expression, mutation, and copy number variation data of cell lines from various unbiased cancer types, and target information of cancer drugs to predict synergy scores. In addition, single drug response data and synthetic lethality data are used as well.
<fig id="Fig1"><label>Fig. 1</label><caption><p><bold>a</bold> Reformatted experimental data from O&#x2018;Neil&#x2019;s dataset for analyzing by Combenefit. <bold>b</bold> Synergy scores calculated by Combenefit. <bold>c</bold> For predicting synergy scores, each sample is vectorized. The vector contains drug targets, genomic information of a cell line, pharmacological data, and other external knowledge such as synthetic lethality. <bold>d</bold> and <bold>e</bold> Predicted synergy scores calculated using various machine learning models. Pearson correlation coefficient and F1 score were used as the evaluation metrics for the regression models and classification models, respectively</p></caption><graphic xlink:href="12918_2018_546_Fig1_HTML" id="MO1"/></fig></p>
        <p>The high dimensionality problem of the feature space was the main difficulty when constructing a model to predict synergism. The number of genomic features such as mutations and expressions of more than 10,000 genes should be reduced to a much smaller size. To address this, we reduce the feature dimensions by using only the mutations or expression levels of the genes in cancer-related pathways. Finally, the features for each sample are represented as a 1,028-dimensional vector.</p>
        <p>We use various machine learning models including linear regression, RBF(Radial Basis Function) kernel-based ridge regression, random forest, and so on and compare them. We analyze the results and make synergistic rules for predicting the synergism of drug combinations using the features.</p>
      </sec>
      <sec id="Sec4">
        <title>Datasets</title>
        <p>We use O&#x2019;Neil&#x2019;s high-throughput drug combination screening data [<xref ref-type="bibr" rid="CR15">15</xref>]. This data contains 23,052 experimental results for 583 drug combinations and 39 cancer cell lines. Each experiment consists of a 5 by 5 matrix of drug concentrations. Unlike other high-throughput screening data, this data includes unbiased cell lines from various sites, such as breast, lung, and colon. Drugs are also unbiased; for example, some drugs are FDA-approved, chemical compounds used in clinical trials, chemotherapy drugs, or targeted therapy drugs. We used only 31 cell lines whose genomic profiles are publicly available and only 16,575 experimental data samples excluding duplicates.</p>
        <p>For evaluating machine learning models, whole samples were randomly divided into a training set and a test set at a ratio of 80:20. The samples in the training set were randomly divided into five equal-sized subsamples and used as 5-fold cross-validation sets. The cross-validation sets are used to decide hyperparameters for machine learning models.</p>
      </sec>
      <sec id="Sec5">
        <title>Synergy score calculation</title>
        <p>We employed a tool called Combenefit [<xref ref-type="bibr" rid="CR14">14</xref>] to quantify the synergy level between two drugs and a cancer cell line using dose-response data. Combenefit enables model-based quantification of drug combinations by comparing additive and actual effect for given dose-response data as shown in Fig.&#xA0;<xref rid="Fig1" ref-type="fig">1</xref>b. This tool calculates the difference between the Loewe model-based expected additive effect and the actual effect of the drug combination. We call this difference value a synergy score. If the actual effect of a drug combination is greater than the additive effect, the synergy score is greater than zero. Otherwise, it is less than zero. A higher synergy score denotes greater synergy of the corresponding drug combination. As shown in Fig.&#xA0;<xref rid="Fig2" ref-type="fig">2</xref>, the average synergy score of 16,575 samples is about 4.52 and the standard deviation is 20.65. The synergy scores obtained using Combenefit are target variables in the regression model in our pipeline. The regression model that predicts the synergy scores is the drug combination synergy prediction model.
<fig id="Fig2"><label>Fig. 2</label><caption><p>Synergy Score Distribution. The average synergy score of 16,575 samples is 4.52 and the standard deviation is 20.65</p></caption><graphic xlink:href="12918_2018_546_Fig2_HTML" id="MO2"/></fig></p>
      </sec>
      <sec id="Sec6">
        <title>Features</title>
        <p>A sample consisting of a cell line and two drugs is represented as a feature vector. The vector contains genomic information of the cell line and target information of the drugs. Other information such as pharmacological experimental results of the cell line and the drugs is also included in the vector. A detailed description of the features follows.</p>
        <sec id="Sec7">
          <title>Genomics</title>
          <p>Information of gene mutations, gene expression, and copy number variations for 31 cell lines among 39 cell lines in the dataset from O&#x2018;Neil was obtained from COSMIC [<xref ref-type="bibr" rid="CR16">16</xref>]. A high dimensionality problem exists because of the large number of genes in the dataset. Therefore, we select genes in cancer-related pathways. cBioPortal [<xref ref-type="bibr" rid="CR17">17</xref>] defines 14 gene sets consisting of cancer-related pathways such as DNA damage response or RTK signaling pathways. We use only the mutations, expression levels, and copy number variations of the genes in the gene sets. For mutations, if there is an amino acid variation in the gene, the variation is marked as 1 in the feature vector. The normalized expression levels are marked in the feature vector. For copy number variations, each gene is divided into two features: amplification and deletion. Amplification and deletion are marked as binary.</p>
        </sec>
        <sec id="Sec8">
          <title>Targets</title>
          <p>A total number of 56 drug targets of 38 drugs in the dataset were obtained from DrugBank [<xref ref-type="bibr" rid="CR18">18</xref>] and GDSC [<xref ref-type="bibr" rid="CR19">19</xref>]. Targets of two drugs in a sample are marked as 1.</p>
        </sec>
        <sec id="Sec9">
          <title>Mono-therapy</title>
          <p>Mono-therapy information about drug effects on cell lines is used. IC50 is the half maximal inhibitory concentration. Drug Sensitivity Score (DSS) [<xref ref-type="bibr" rid="CR20">20</xref>] calculates the area under the IC50 plot. Einf is the effect observed when an infinite amount of a drug used. We use the sum and difference of these values of two drugs.</p>
        </sec>
        <sec id="Sec10">
          <title>Addition score</title>
          <p>The addition score indicates the additive effects between two drugs using only the mono-therapy response data of the two drugs (excluding the actual observations of combination responses). We calculate the addition score by comparing the Loewe additive effect of the two drugs with the non-drug effect as shown in the additive response plot in Fig.&#xA0;<xref rid="Fig1" ref-type="fig">1</xref>b. Addition scores were also calculated using Combenefit.</p>
        </sec>
        <sec id="Sec11">
          <title>Mean/median synergy scores of similar samples</title>
          <p>We assumed that the average synergy score of the samples in the training set containing the same cell line or the same drug combination as the test sample would be helpful for predicting the synergy score of a sample in the test set. For example, we hypothesize that the average synergy score of the samples in the training set that contains the cell line HT29 would be helpful for determining whether the drug combination AZD1775 and MK-8776, and the cell line HT29 in the test set are synergistic. Likewise, we hypothesize that for the same test sample, the average synergy score of the training samples containing AZD1775 and MK-8776 would be helpful for predicting the synergism of the test sample. To capture this, we sub-grouped the samples in the training set by cell line or drug combination, and used the mean and median values of their synergy scores as features of the given sample. For the sample with the drug combination AZD1775 and MK-8776, and the cell line HT29, the mean and median synergy scores of the following samples are obtained: samples with HT29, samples with either AZD1775 or MK-8776 (i.e., sharing at least one drug with the given sample), samples with both AZD1775 and MK-8776, samples with either AZD1775 or MK-8776, and HT29 (i.e., sharing at least one drug and the cell line). This is intended to capture some inherent pharmacological similarities among drugs and cell lines.</p>
        </sec>
        <sec id="Sec12">
          <title>Synthetic lethality</title>
          <p>Synthetic lethality occurs when perturbations such as mutations, malfunctions, or inhibitions of two genes lead to cell death. SynLethDB [<xref ref-type="bibr" rid="CR21">21</xref>] is a comprehensive database of over 20,000 synthetic lethality gene pairs from various types of sources such as biomedical literature and databases, and provides the confidence scores of the pairs. We use this information to determine how many synthetic lethality pairs occur in a sample. For each sample, we sum the confidence scores of the pairs when one of the two genes is perturbed and the rest of the gene is targeted by drugs.</p>
        </sec>
      </sec>
    </sec>
    <sec id="Sec13">
      <title>Results and discussion</title>
      <p>We evaluate the machine learning models on both the regression and classification tasks. In the regression task, the models are trained to predict the synergy scores of samples, and in the classification task, the models are trained to classify samples into the following two groups: synergism or antagonism.</p>
      <sec id="Sec14">
        <title>Regression</title>
        <p>We use the Pearson correlation coefficient to evaluate the performance of all the machine learning models used for our pipeline. We have trained a variety of machine learning models. For the hyperparameter optimization of each model, we use a grid search to find hyperparameters that maximize the 5-fold cross-validation performance. For example, for a regularized coefficient for a kernel-based ridge regression model or a C value for an SVM model, we performed a grid search over exponentially increasing values from 0.0001 to 1 or 0.0001 to 100. Then each model is trained on the training set with the specified hyperparameters and evaluated on the test set for performance measurement.</p>
        <p>We use linear and nonlinear machine learning models. The models are implemented using scikit-learn [<xref ref-type="bibr" rid="CR22">22</xref>] which is a machine learning package in Python. Table&#xA0;<xref rid="Tab1" ref-type="table">1</xref> shows the correlation coefficient between the observed values and predicted values of each model. Overall, the performance of linear models is clearly lower than that of nonlinear models; however, the performance difference between nonlinear models is small. The Extremely Randomized Trees (ERT) model [<xref ref-type="bibr" rid="CR23">23</xref>], which is a tree-based ensemble model, obtains the highest correlation coefficient of 0.738.
<table-wrap id="Tab1"><label>Table 1</label><caption><p>Prediction Evaluation (correlation coefficient)</p></caption><table frame="hsides" rules="groups"><thead><tr><th align="left"/><th align="left">Model</th><th align="left">Correlation coefficient</th><th align="left">Correlation coefficient</th><th align="left">Correlation coefficient</th><th align="left">Correlation coefficient</th></tr><tr><th align="left"/><th align="left"/><th align="left"/><th align="left">(1700 samples with &gt;10 or &lt;-10)</th><th align="left">(1177 samples with &gt;15 or &lt;-15)</th><th align="left">(780 samples with &gt;20 or &lt;-20)</th></tr></thead><tbody><tr><td align="left">Linear</td><td align="justify">Elastic net</td><td align="justify">0.65</td><td align="justify">0.696</td><td align="justify">0.711</td><td align="justify">0.733</td></tr><tr><td align="left"/><td align="justify">Ridge regression</td><td align="justify">0.661</td><td align="justify">0.717</td><td align="justify">0.742</td><td align="justify">0.752</td></tr><tr><td align="left">Nonlinear</td><td align="justify">Kernel ridge regression (RBF)</td><td align="justify">0.728</td><td align="justify">0.773</td><td align="justify">0.795</td><td align="justify">0.822</td></tr><tr><td align="left"/><td align="justify">Random forest</td><td align="justify">0.731</td><td align="justify">
<italic>0.792</italic>
</td><td align="justify">0.8</td><td align="justify">
<italic>0.827</italic>
</td></tr><tr><td align="left"/><td align="justify">Extremely randomized trees</td><td align="justify">
<italic>0.738</italic>
</td><td align="justify">0.785</td><td align="justify">
<italic>0.816</italic>
</td><td align="justify">0.821</td></tr></tbody></table><table-wrap-foot><p>Italicized values are the best performance for each experiment</p></table-wrap-foot></table-wrap></p>
        <p>ERT model&#x2019;s basic structure is similar to that of Random Forest in which every tree uses a randomly selected subset of samples as well as a randomly selected subset of features, whereas a tree in ERT model selects a random feature from the subset of features rather than the most discriminant feature when branching. We believe that the ERT model outperforms the others for the following reasons: ERT model&#x2019;s extreme randomness introduced by the random subsampling of samples and features, and the random feature selection during the branching. This randomness helps reduce the variance of the model. The reduced variance, in turn, makes the model more robust in dealing with noisy data such as our high-throughput experimental drug screening data.</p>
        <p>In addition, we collected only samples whose synergy were predicted to be very small (e.g., &lt; -10) or large (e.g., &gt;10). We computed the performance of the models only for the samples and reported the results in Table&#xA0;<xref rid="Tab1" ref-type="table">1</xref> (column 3 to 5). The correlation coefficient of the samples that are predicted to be greater than 20 or less than -20 by Random Forest is 0.827. All the models achieve better performance on the samples with larger or smaller predicted values, which means that our models are suitable for predicting synergism or antagonism.</p>
        <p>Figure&#xA0;<xref rid="Fig3" ref-type="fig">3</xref> shows a plot of the observed synergy scores and the predicted synergy scores computed by the Extremely Randomized Trees model. In addition, Table&#xA0;<xref rid="Tab2" ref-type="table">2</xref> shows the correlation coefficient for each cell line computed by the model. The most predictable cell line is RPMI7951 and the least predictable cell line is NCIH23. Column 4 in Table&#xA0;<xref rid="Tab2" ref-type="table">2</xref> shows the most synergistic drug combination for each cell line in the test set. The most synergistic drug combinations are computed from real observations in O&#x2019;Neil&#x2019;s data. Column 5 shows the rank of the combination predicted by our model. Our model correctly predicts the most synergistic combination, from approximately 100 candidate drug combinations, as the top choice for 15 out of the 31 cell lines. For 28 out of the 31 cell lines, our model predicts the most synergistic combination in the top 10 among approximately 100 drug combinations.
<fig id="Fig3"><label>Fig. 3</label><caption><p>Observation and prediction values obtained by the Extremely Randomized Trees model (correlation coefficient is 0.738)</p></caption><graphic xlink:href="12918_2018_546_Fig3_HTML" id="MO3"/></fig>
<table-wrap id="Tab2"><label>Table 2</label><caption><p>Correlation coefficients of 31 cell lines calculated by the Extremely Randomized Trees model</p></caption><table frame="hsides" rules="groups"><thead><tr><th align="left">Cell line name</th><th align="left">Site</th><th align="left">Correlation coefficient</th><th align="left">Best observed</th><th align="left">Its predicted rank out of</th></tr><tr><th align="left"/><th align="left"/><th align="left"/><th align="left">drug combination</th><th align="left">N drug combinations</th></tr></thead><tbody><tr><td align="left">RPMI7951</td><td align="left">Skin</td><td align="left">0.893</td><td align="left">MK-4827.TEMOZOLOMIDE</td><td align="left">1 out of 88</td></tr><tr><td align="left">HCT116</td><td align="left">Colon</td><td align="left">0.892</td><td align="left">ETOPOSIDE.MK-2206</td><td align="left">7 out of 105</td></tr><tr><td align="left">HT29</td><td align="left">Colon</td><td align="left">0.889</td><td align="left">AZD1775.MK-8776</td><td align="left">2 out of 116</td></tr><tr><td align="left">SW620</td><td align="left">Colon</td><td align="left">0.874</td><td align="left">BEZ-235.MK-8669</td><td align="left">1 out of 108</td></tr><tr><td align="left">PA1</td><td align="left">Ovarian</td><td align="left">0.868</td><td align="left">MK-2206.SUNITINIB</td><td align="left">5 out of 85</td></tr><tr><td align="left">A2780</td><td align="left">Ovarian</td><td align="left">0.865</td><td align="left">DASATINIB.MK-5108</td><td align="left">1 out of 112</td></tr><tr><td align="left">MDAMB436</td><td align="left">Breast</td><td align="left">0.864</td><td align="left">MK-4827.TEMOZOLOMIDE</td><td align="left">1 out of 114</td></tr><tr><td align="left">VCAP</td><td align="left">Prostate</td><td align="left">0.856</td><td align="left">BEZ-235.MK-8669</td><td align="left">1 out of 109</td></tr><tr><td align="left">LOVO</td><td align="left">Colon</td><td align="left">0.839</td><td align="left">MK-4827.TEMOZOLOMIDE</td><td align="left">1 out of 121</td></tr><tr><td align="left">OV90</td><td align="left">Ovarian</td><td align="left">0.833</td><td align="left">AZD1775.MK-8776</td><td align="left">1 out of 99</td></tr><tr><td align="left">OCUBM</td><td align="left">Breast</td><td align="left">0.831</td><td align="left">AZD1775.MK-8776</td><td align="left">1 out of 62</td></tr><tr><td align="left">NCIH1650</td><td align="left">Lung</td><td align="left">0.83</td><td align="left">DASATINIB.MK-2206</td><td align="left">2 out of 91</td></tr><tr><td align="left">A2058</td><td align="left">Skin</td><td align="left">0.829</td><td align="left">MK-4827.MK-8776</td><td align="left">28 out of 119</td></tr><tr><td align="left">SKMES1</td><td align="left">Lung</td><td align="left">0.825</td><td align="left">BEZ-235.MK-8669</td><td align="left">1 out of 113</td></tr><tr><td align="left">A427</td><td align="left">Lung</td><td align="left">0.807</td><td align="left">MK-8776.TEMOZOLOMIDE</td><td align="left">9 out of 105</td></tr><tr><td align="left">SKOV3</td><td align="left">Ovarian</td><td align="left">0.798</td><td align="left">ERLOTINIB.MK-8669</td><td align="left">3 out of 105</td></tr><tr><td align="left">UACC62</td><td align="left">Skin</td><td align="left">0.797</td><td align="left">GEMCITABINE.MK-8776</td><td align="left">5 out of 120</td></tr><tr><td align="left">DLD1</td><td align="left">Colon</td><td align="left">0.79</td><td align="left">MK-2206.MK-8669</td><td align="left">2 out of 116</td></tr><tr><td align="left">ES2</td><td align="left">Ovarian</td><td align="left">0.789</td><td align="left">BEZ-235.MK-8669</td><td align="left">1 out of 125</td></tr><tr><td align="left">NCIH2122</td><td align="left">Lung</td><td align="left">0.766</td><td align="left">DEXAMETHASONE.MK-2206</td><td align="left">8 out of 137</td></tr><tr><td align="left">SKMEL30</td><td align="left">Skin</td><td align="left">0.709</td><td align="left">BEZ-235.MK-8669</td><td align="left">1 out of 105</td></tr><tr><td align="left">A375</td><td align="left">Skin</td><td align="left">0.691</td><td align="left">MK-4827.TEMOZOLOMIDE</td><td align="left">1 out of 103</td></tr><tr><td align="left">RKO</td><td align="left">Colon</td><td align="left">0.688</td><td align="left">GELDANAMYCIN.PD325901</td><td align="left">20 out of 117</td></tr><tr><td align="left">HT144</td><td align="left">Skin</td><td align="left">0.669</td><td align="left">MK-2206.SN-38</td><td align="left">7 out of 124</td></tr><tr><td align="left">NCIH520</td><td align="left">Lung</td><td align="left">0.643</td><td align="left">DASATINIB.TOPOTECAN</td><td align="left">20 out of 124</td></tr><tr><td align="left">UWB1289</td><td align="left">Ovarian</td><td align="left">0.63</td><td align="left">BEZ-235.MK-8669</td><td align="left">1 out of 125</td></tr><tr><td align="left">MSTO</td><td align="left">Lung</td><td align="left">0.628</td><td align="left">BEZ-235.MK-8669</td><td align="left">1 out of 86</td></tr><tr><td align="left">SW837</td><td align="left">Colon</td><td align="left">0.626</td><td align="left">BEZ-235.DASATINIB</td><td align="left">8 out of 110</td></tr><tr><td align="left">OVCAR3</td><td align="left">Ovarian</td><td align="left">0.554</td><td align="left">AZD1775.SN-38</td><td align="left">5 out of 93</td></tr><tr><td align="left">T47D</td><td align="left">Breast</td><td align="left">0.493</td><td align="left">DOXORUBICIN.MK-8669</td><td align="left">1 out of 61</td></tr><tr><td align="left">NCIH23</td><td align="left">Lung</td><td align="left">0.478</td><td align="left">L778123.MK-8669</td><td align="left">2 out of 117</td></tr></tbody></table></table-wrap></p>
      </sec>
      <sec id="Sec15">
        <title>Classification</title>
        <p>To compare our model with an existing drug combination synergy classification model, we reformulate the problem as a binary classification problem by thresholding the synergy scores. If a synergy score is greater than the upper threshold, it is classified as a positive class. If the value is less than the lower threshold, it is classified as a negative class; otherwise, it is dropped. After generating classification models using the classified samples, the F1 score is used to evaluate the models. F1 score is defined as the harmonic mean of precision and recall, i.e., F1 = 2 &#xD7;<italic>precision</italic>&#xD7;recall/(precision+recall), where precision=true positives/(true positives + false positives) and recall=true positives/(true positives+false negatives). F1 score is one of the standard metrics for evaluating a classifier&#x2019;s performance. F1 score is commonly used when the target classes are imbalanced. In our dataset, 10,392 samples have synergy scores of greater than 0 (positive class) and 6,183 samples have synergy scores of less than 0 (negative class). Therefore, we used the F1 score to evaluate the performance of the classification models.</p>
        <p>Table&#xA0;<xref rid="Tab3" ref-type="table">3</xref> shows the F1 score of each model by thresholding the synergy scores. The Extremely Randomized Trees model achieves the highest F1 score of 0.954 with a threshold of &#xB1;20. As the threshold increases, performance tends to improve. The Extremely Randomized Trees model achieves the best performance for the thresholds of 0, &#xB1;15, and &#xB1;20. Compared with the baseline model [<xref ref-type="bibr" rid="CR8">8</xref>], our pipeline based on the Extremely Randomized Trees model improves the performance by 8.7%.
<table-wrap id="Tab3"><label>Table 3</label><caption><p>Prediction evaluation results (F1 score)</p></caption><table frame="hsides" rules="groups"><thead><tr><th align="left">Model</th><th align="left">F1 (threshold=0)</th><th align="left">F1 (threshold= &#xB1;10)</th><th align="left">F1 (threshold= &#xB1;15)</th><th align="left">F1 (threshold= &#xB1;20)</th></tr></thead><tbody><tr><td align="left">Baseline [<xref ref-type="bibr" rid="CR8">8</xref>]</td><td align="left">0.784</td><td align="left">0.856</td><td align="left">0.871</td><td align="left">0.877</td></tr><tr><td align="left">Logistic regression</td><td align="left">0.844</td><td align="left">0.908</td><td align="left">0.912</td><td align="left">0.923</td></tr><tr><td align="left">Support vector machine</td><td align="left">0.84</td><td align="left">0.909</td><td align="left">0.915</td><td align="left">0.917</td></tr><tr><td align="left">Random forest</td><td align="left">0.86</td><td align="left">
<italic>0.934</italic>
</td><td align="left">0.939</td><td align="left">0.944</td></tr><tr><td align="left">Extremely randomized trees</td><td align="left">
<italic>0.865</italic>
</td><td align="left">0.933</td><td align="left">
<italic>0.948</italic>
</td><td align="left">
<italic>0.954</italic>
</td></tr></tbody></table><table-wrap-foot><p>Italicized values are the best performance for each experiment</p></table-wrap-foot></table-wrap></p>
      </sec>
      <sec id="Sec16">
        <title>Synergistic rule generation: a qualitative analysis</title>
        <p>In addition to the quantitative analysis of our pipeline&#x2019;s performance, we also conducted a qualitative evaluation. For the qualitative evaluation, we use combinations of feature conditions and construct rules to predict synergism. Although the Extremely Randomized Trees model achieves the best performance, it randomly selects features when it splits, which makes it difficult to interpret the results. For this reason, we choose the Random Forest model because its results are easy to interpret. We extract frequent decision paths generated by the Random Forest model and inspect the paths for predicting synergism. We generate four potential synergistic rules from the paths and report them in Table&#xA0;<xref rid="Tab4" ref-type="table">4</xref>.
<table-wrap id="Tab4"><label>Table 4</label><caption><p>Synergistic rules</p></caption><table frame="hsides" rules="groups"><thead><tr><th align="left">Rule</th><th align="left">Positive</th><th align="left">Negative</th><th align="left"><italic>p</italic>-value</th><th align="left">Reference</th></tr><tr><th align="left"/><th align="left">synergy score</th><th align="left">synergy score</th><th align="left"/><th align="left"/></tr></thead><tbody><tr><td align="justify">Target: mTOR, DNA GEX: underexpressed HES5</td><td align="justify">23.055</td><td align="justify">8.651</td><td align="justify">1.3<italic>e</italic><sup>&#x2212;10</sup></td><td align="justify">[<xref ref-type="bibr" rid="CR24">24</xref>, <xref ref-type="bibr" rid="CR25">25</xref>]</td></tr><tr><td align="justify">Target: EGFR, mTOR, PI3K GEX: underexpressed SNW1</td><td align="justify">22.219</td><td align="justify">8.588</td><td align="justify">6<italic>e</italic><sup>&#x2212;5</sup></td><td align="left"/></tr><tr><td align="justify">Target: mTOR, PI3K, DNA GEX: underexpressed MAPK14, underexpressed NOTCH4</td><td align="justify">19.8</td><td align="justify">6.231</td><td align="justify">5<italic>e</italic><sup>&#x2212;7</sup></td><td align="left"/></tr><tr><td align="justify">Target: SRC, TOP1 GEX: underexpressed TGFBR2, underexpressed ERBB3</td><td align="justify">28.089</td><td align="justify">7.113</td><td align="justify">2<italic>e</italic><sup>&#x2212;5</sup></td><td align="left"/></tr></tbody></table></table-wrap></p>
        <p>The most significant synergistic rule is about that a chemotherapy drug(represented as DNA) combined with an mTOR-targeting drug is synergistic when HES5 is underexpressed. The Random Forest model predicts samples that satisfy these constraints as synergy. The average synergy score of the positive samples (i.e., mTOR inhibitor + chemotherapy for cells with HES5 underexpression) is 23.055. Conversely, the average synergy score of the negative samples (i.e., mTOR inhibitor + chemotherapy for cells with no HES5 underexpression) is 8.651 which is 14.4 lower than the score of the positive samples (<italic>p</italic>-value= 1.3<italic>e</italic><sup>&#x2212;10</sup>). Down-regulation of HES5 indicates inactivated Notch signaling and results in sensitive response to a chemotherapy drug [<xref ref-type="bibr" rid="CR24">24</xref>]. Inactivated Notch signaling is also involved in the down-regulation of mTOR [<xref ref-type="bibr" rid="CR25">25</xref>]. Thus, it seems that the mTOR inhibitor and underexpressed HES5 enhance the efficacy of chemotherapy by double-blocking mTOR.</p>
        <p>In Table&#xA0;<xref rid="Tab4" ref-type="table">4</xref>, we report three more potential synergistic rules which we could not find supporting evidence from the literature. These rules can become hypotheses and can be verified by wet lab experiments. If validated, these synergistic rules would be used as potential biomarkers for new drug combination therapy. This suggests that our pipeline can generate hypotheses in a completely data-driven way. As more drug screening data accumulates, our pipeline can automatically find more plausible hypotheses for drug combination biomarkers.</p>
      </sec>
    </sec>
    <sec id="Sec17" sec-type="conclusion">
      <title>Conclusion</title>
      <p>Synergistic drug combinations are different for each cell line. Therefore, we proposed a computational pipeline for personalized synergistic drug combination therapy discovery using unbiased high-throughput drug screening data. We generated a 1,028-dimensional feature vector to represent a sample&#x2019;s genomic information such as mutations and expressions of genes in cancer-related pathways, and pharmacological information. The tree-based ensemble models achieved the best regression and classification performance. The correlation coefficient for the regression was 0.738 and the F1 score for the classification was 0.954. We demonstrated that our proposed model can be applied to patient samples in place of cells when it is employed in a clinical setting. We showed that our model can predict and prioritize the best drug combinations for patients using their genomic information. Finally, we generated synergistic rules from the frequent paths of the Random Forest model and validated the rules by literature survey. With further experiments, the discovered rules can be tested for biomarkers of drug combination therapies.</p>
    </sec>
  </body>
  <back>
    <ack>
      <sec id="d29e1503">
        <title>Funding</title>
        <p>Publication of this article was funded by the National Research Foundation of Korea (NRF-2016M3A9A7916996, NRF-2014M3C9A3063543 and NRF-2014R1A2A1A10051238).</p>
      </sec>
      <sec id="d29e1508">
        <title>Availability of data and materials</title>
        <p>The source code will be available at <ext-link ext-link-type="uri" xlink:href="http://infos.korea.ac.kr/dcpipe/">http://infos.korea.ac.kr/dcpipe/</ext-link>.</p>
      </sec>
      <sec id="d29e1518">
        <title>About this supplement</title>
        <p>This article has been published as part of <italic>BMC Systems Biology</italic> Volume 12 Supplement 2, 2018: Proceedings of the 28th International Conference on Genome Informatics: systems biology. The full contents of the supplement are available online at <ext-link ext-link-type="uri" xlink:href="https://bmcsystbiol.biomedcentral.com/articles/supplements/volume-12-supplement-2">https://bmcsystbiol.biomedcentral.com/articles/supplements/volume-12-supplement-2</ext-link>.</p>
      </sec>
    </ack>
    <notes notes-type="author-contribution">
      <title>Authors&#x2019; contributions</title>
      <p>MJ and JK designed the model. MJ, SK, SP and HL implemented the models. MJ performed an additional analysis of the results and wrote this paper. All authors read and approved the final manuscript.</p>
    </notes>
    <notes notes-type="COI-statement">
      <sec id="d29e1537">
        <title>Ethics approval and consent to participate</title>
        <p>Not applicable.</p>
      </sec>
      <sec id="d29e1542">
        <title>Consent for publication</title>
        <p>Not applicable.</p>
      </sec>
      <sec id="d29e1547">
        <title>Competing interests</title>
        <p>The authors declare that they have no competing interests.</p>
      </sec>
      <sec id="d29e1552">
        <title>Publisher&#x2019;s Note</title>
        <p>Springer Nature remains neutral with regard to jurisdictional claims in published maps and institutional affiliations.</p>
      </sec>
    </notes>
    <ref-list id="Bib1">
      <title>References</title>
      <ref id="CR1">
        <label>1</label>
        <element-citation publication-type="journal">
          <person-group person-group-type="author">
            <name>
              <surname>Scannell</surname>
              <given-names>JW</given-names>
            </name>
            <name>
              <surname>Blanckley</surname>
              <given-names>A</given-names>
            </name>
            <name>
              <surname>Boldon</surname>
              <given-names>H</given-names>
            </name>
            <name>
              <surname>Warrington</surname>
              <given-names>B</given-names>
            </name>
          </person-group>
          <article-title>Diagnosing the decline in pharmaceutical r&amp;d efficiency</article-title>
          <source>Nat Rev Drug Discov</source>
          <year>2012</year>
          <volume>11</volume>
          <issue>3</issue>
          <fpage>191</fpage>
          <lpage>200</lpage>
          <pub-id pub-id-type="doi">10.1038/nrd3681</pub-id>
          <pub-id pub-id-type="pmid">22378269</pub-id>
        </element-citation>
      </ref>
      <ref id="CR2">
        <label>2</label>
        <mixed-citation publication-type="other">Clinical Development Success Rates 2006-2015. <ext-link ext-link-type="uri" xlink:href="https://www.bio.org/sites/default/files/ClinicalDevelopmentSuccessRates2006-2015-BIO,Biomedtracker,Amplion2016.pdf">https://www.bio.org/sites/default/files/ClinicalDevelopmentSuccessRates2006-2015-BIO,Biomedtracker,Amplion2016.pdf</ext-link>. Accessed 30 Oct 2017.</mixed-citation>
      </ref>
      <ref id="CR3">
        <label>3</label>
        <element-citation publication-type="journal">
          <person-group person-group-type="author">
            <name>
              <surname>Huang</surname>
              <given-names>H</given-names>
            </name>
            <name>
              <surname>Zhang</surname>
              <given-names>P</given-names>
            </name>
            <name>
              <surname>Qu</surname>
              <given-names>XA</given-names>
            </name>
            <name>
              <surname>Sanseau</surname>
              <given-names>P</given-names>
            </name>
            <name>
              <surname>Yang</surname>
              <given-names>L</given-names>
            </name>
          </person-group>
          <article-title>Systematic prediction of drug combinations based on clinical side-effects</article-title>
          <source>Sci Rep</source>
          <year>2014</year>
          <volume>4</volume>
          <fpage>7160</fpage>
          <pub-id pub-id-type="doi">10.1038/srep07160</pub-id>
          <pub-id pub-id-type="pmid">25418113</pub-id>
        </element-citation>
      </ref>
      <ref id="CR4">
        <label>4</label>
        <element-citation publication-type="journal">
          <person-group person-group-type="author">
            <name>
              <surname>Al-Lazikani</surname>
              <given-names>B</given-names>
            </name>
            <name>
              <surname>Banerji</surname>
              <given-names>U</given-names>
            </name>
            <name>
              <surname>Workman</surname>
              <given-names>P</given-names>
            </name>
          </person-group>
          <article-title>Combinatorial drug therapy for cancer in the post-genomic era</article-title>
          <source>Nat Biotechnol</source>
          <year>2012</year>
          <volume>30</volume>
          <issue>7</issue>
          <fpage>679</fpage>
          <lpage>92</lpage>
          <pub-id pub-id-type="doi">10.1038/nbt.2284</pub-id>
          <pub-id pub-id-type="pmid">22781697</pub-id>
        </element-citation>
      </ref>
      <ref id="CR5">
        <label>5</label>
        <element-citation publication-type="journal">
          <person-group person-group-type="author">
            <name>
              <surname>Foucquier</surname>
              <given-names>J</given-names>
            </name>
            <name>
              <surname>Guedj</surname>
              <given-names>M</given-names>
            </name>
          </person-group>
          <article-title>Analysis of drug combinations: current methodological landscape</article-title>
          <source>Pharmacol Res perspect</source>
          <year>2015</year>
          <volume>3</volume>
          <issue>3</issue>
          <fpage>e00149</fpage>
          <pub-id pub-id-type="doi">10.1002/prp2.149</pub-id>
          <pub-id pub-id-type="pmid">26171228</pub-id>
        </element-citation>
      </ref>
      <ref id="CR6">
        <label>6</label>
        <element-citation publication-type="journal">
          <person-group person-group-type="author">
            <name>
              <surname>Meng</surname>
              <given-names>J</given-names>
            </name>
            <name>
              <surname>Dai</surname>
              <given-names>B</given-names>
            </name>
            <name>
              <surname>Fang</surname>
              <given-names>B</given-names>
            </name>
            <name>
              <surname>Bekele</surname>
              <given-names>BN</given-names>
            </name>
            <name>
              <surname>Bornmann</surname>
              <given-names>WG</given-names>
            </name>
            <name>
              <surname>Sun</surname>
              <given-names>D</given-names>
            </name>
            <name>
              <surname>Peng</surname>
              <given-names>Z</given-names>
            </name>
            <name>
              <surname>Herbst</surname>
              <given-names>RS</given-names>
            </name>
            <name>
              <surname>Papadimitrakopoulou</surname>
              <given-names>V</given-names>
            </name>
            <name>
              <surname>Minna</surname>
              <given-names>JD</given-names>
            </name>
            <etal/>
          </person-group>
          <article-title>Combination treatment with mek and akt inhibitors is more effective than each drug alone in human non-small cell lung cancer in vitro and in vivo</article-title>
          <source>PloS ONE</source>
          <year>2010</year>
          <volume>5</volume>
          <issue>11</issue>
          <fpage>14124</fpage>
          <pub-id pub-id-type="doi">10.1371/journal.pone.0014124</pub-id>
        </element-citation>
      </ref>
      <ref id="CR7">
        <label>7</label>
        <element-citation publication-type="journal">
          <person-group person-group-type="author">
            <name>
              <surname>Bansal</surname>
              <given-names>M</given-names>
            </name>
            <name>
              <surname>Yang</surname>
              <given-names>J</given-names>
            </name>
            <name>
              <surname>Karan</surname>
              <given-names>C</given-names>
            </name>
            <name>
              <surname>Menden</surname>
              <given-names>MP</given-names>
            </name>
            <name>
              <surname>Costello</surname>
              <given-names>JC</given-names>
            </name>
            <name>
              <surname>Tang</surname>
              <given-names>H</given-names>
            </name>
            <name>
              <surname>Xiao</surname>
              <given-names>G</given-names>
            </name>
            <name>
              <surname>Li</surname>
              <given-names>Y</given-names>
            </name>
            <name>
              <surname>Allen</surname>
              <given-names>J</given-names>
            </name>
            <name>
              <surname>Zhong</surname>
              <given-names>R</given-names>
            </name>
            <etal/>
          </person-group>
          <article-title>A community computational challenge to predict the activity of pairs of compounds</article-title>
          <source>Nat Biotechnol</source>
          <year>2014</year>
          <volume>32</volume>
          <issue>12</issue>
          <fpage>1213</fpage>
          <lpage>22</lpage>
          <pub-id pub-id-type="doi">10.1038/nbt.3052</pub-id>
          <pub-id pub-id-type="pmid">25419740</pub-id>
        </element-citation>
      </ref>
      <ref id="CR8">
        <label>8</label>
        <element-citation publication-type="journal">
          <person-group person-group-type="author">
            <name>
              <surname>Gayvert</surname>
              <given-names>KM</given-names>
            </name>
            <name>
              <surname>Aly</surname>
              <given-names>O</given-names>
            </name>
            <name>
              <surname>Platt</surname>
              <given-names>J</given-names>
            </name>
            <name>
              <surname>Bosenberg</surname>
              <given-names>MW</given-names>
            </name>
            <name>
              <surname>Stern</surname>
              <given-names>DF</given-names>
            </name>
            <name>
              <surname>Elemento</surname>
              <given-names>O</given-names>
            </name>
          </person-group>
          <article-title>A computational approach for identifying synergistic drug combinations</article-title>
          <source>PLoS Comput Biol</source>
          <year>2017</year>
          <volume>13</volume>
          <issue>1</issue>
          <fpage>1005308</fpage>
          <pub-id pub-id-type="doi">10.1371/journal.pcbi.1005308</pub-id>
        </element-citation>
      </ref>
      <ref id="CR9">
        <label>9</label>
        <element-citation publication-type="book">
          <person-group person-group-type="author">
            <name>
              <surname>Pal</surname>
              <given-names>R</given-names>
            </name>
            <name>
              <surname>Berlow</surname>
              <given-names>N</given-names>
            </name>
          </person-group>
          <article-title>A kinase inhibition map approach for tumor sensitivity prediction and combination therapy design for targeted drugs</article-title>
          <source>Biocomputing 2012</source>
          <year>2012</year>
          <publisher-loc>Singapore</publisher-loc>
          <publisher-name>World Scientific Publishing Co.</publisher-name>
        </element-citation>
      </ref>
      <ref id="CR10">
        <label>10</label>
        <element-citation publication-type="journal">
          <person-group person-group-type="author">
            <name>
              <surname>Matlock</surname>
              <given-names>K</given-names>
            </name>
            <name>
              <surname>Berlow</surname>
              <given-names>N</given-names>
            </name>
            <name>
              <surname>Keller</surname>
              <given-names>C</given-names>
            </name>
            <name>
              <surname>Pal</surname>
              <given-names>R</given-names>
            </name>
          </person-group>
          <article-title>Combination therapy design for maximizing sensitivity and minimizing toxicity</article-title>
          <source>BMC Bioinformatics</source>
          <year>2017</year>
          <volume>18</volume>
          <issue>4</issue>
          <fpage>116</fpage>
          <pub-id pub-id-type="doi">10.1186/s12859-017-1523-1</pub-id>
          <pub-id pub-id-type="pmid">28361667</pub-id>
        </element-citation>
      </ref>
      <ref id="CR11">
        <label>11</label>
        <element-citation publication-type="journal">
          <person-group person-group-type="author">
            <name>
              <surname>Wu</surname>
              <given-names>Z</given-names>
            </name>
            <name>
              <surname>Zhao</surname>
              <given-names>XM</given-names>
            </name>
            <name>
              <surname>Chen</surname>
              <given-names>L</given-names>
            </name>
          </person-group>
          <article-title>A systems biology approach to identify effective cocktail drugs</article-title>
          <source>BMC Syst Biol</source>
          <year>2010</year>
          <volume>4 Suppl 2</volume>
          <fpage>7</fpage>
          <pub-id pub-id-type="doi">10.1186/1752-0509-4-S2-S7</pub-id>
          <pub-id pub-id-type="pmid">20122273</pub-id>
        </element-citation>
      </ref>
      <ref id="CR12">
        <label>12</label>
        <element-citation publication-type="journal">
          <person-group person-group-type="author">
            <name>
              <surname>Chen</surname>
              <given-names>D</given-names>
            </name>
            <name>
              <surname>Zhang</surname>
              <given-names>H</given-names>
            </name>
            <name>
              <surname>Lu</surname>
              <given-names>P</given-names>
            </name>
            <name>
              <surname>Liu</surname>
              <given-names>X</given-names>
            </name>
            <name>
              <surname>Cao</surname>
              <given-names>H</given-names>
            </name>
          </person-group>
          <article-title>Synergy evaluation by a pathway-pathway interaction network: a new way to predict drug combination</article-title>
          <source>Mol Biosyst</source>
          <year>2016</year>
          <volume>12</volume>
          <issue>2</issue>
          <fpage>614</fpage>
          <lpage>23</lpage>
          <pub-id pub-id-type="doi">10.1039/C5MB00599J</pub-id>
          <pub-id pub-id-type="pmid">26687590</pub-id>
        </element-citation>
      </ref>
      <ref id="CR13">
        <label>13</label>
        <element-citation publication-type="journal">
          <person-group person-group-type="author">
            <name>
              <surname>Huang</surname>
              <given-names>L</given-names>
            </name>
            <name>
              <surname>Li</surname>
              <given-names>F</given-names>
            </name>
            <name>
              <surname>Sheng</surname>
              <given-names>J</given-names>
            </name>
            <name>
              <surname>Xia</surname>
              <given-names>X</given-names>
            </name>
            <name>
              <surname>Ma</surname>
              <given-names>J</given-names>
            </name>
            <name>
              <surname>Zhan</surname>
              <given-names>M</given-names>
            </name>
            <name>
              <surname>Wong</surname>
              <given-names>ST</given-names>
            </name>
          </person-group>
          <article-title>Drugcomboranker: drug combination discovery based on target network analysis</article-title>
          <source>Bioinformatics</source>
          <year>2014</year>
          <volume>30</volume>
          <issue>12</issue>
          <fpage>228</fpage>
          <lpage>36</lpage>
          <pub-id pub-id-type="doi">10.1093/bioinformatics/btu278</pub-id>
          <pub-id pub-id-type="pmid">24255647</pub-id>
        </element-citation>
      </ref>
      <ref id="CR14">
        <label>14</label>
        <element-citation publication-type="journal">
          <person-group person-group-type="author">
            <name>
              <surname>Di Veroli</surname>
              <given-names>GY</given-names>
            </name>
            <name>
              <surname>Fornari</surname>
              <given-names>C</given-names>
            </name>
            <name>
              <surname>Wang</surname>
              <given-names>D</given-names>
            </name>
            <name>
              <surname>Mollard</surname>
              <given-names>S</given-names>
            </name>
            <name>
              <surname>Bramhall</surname>
              <given-names>JL</given-names>
            </name>
            <name>
              <surname>Richards</surname>
              <given-names>FM</given-names>
            </name>
            <name>
              <surname>Jodrell</surname>
              <given-names>DI</given-names>
            </name>
          </person-group>
          <article-title>Combenefit: an interactive platform for the analysis and visualization of drug combinations</article-title>
          <source>Bioinformatics</source>
          <year>2016</year>
          <volume>32</volume>
          <issue>18</issue>
          <fpage>2866</fpage>
          <lpage>8</lpage>
          <pub-id pub-id-type="doi">10.1093/bioinformatics/btw230</pub-id>
          <pub-id pub-id-type="pmid">27153664</pub-id>
        </element-citation>
      </ref>
      <ref id="CR15">
        <label>15</label>
        <element-citation publication-type="journal">
          <person-group person-group-type="author">
            <name>
              <surname>O&#x2019;Neil</surname>
              <given-names>J</given-names>
            </name>
            <name>
              <surname>Benita</surname>
              <given-names>Y</given-names>
            </name>
            <name>
              <surname>Feldman</surname>
              <given-names>I</given-names>
            </name>
            <name>
              <surname>Chenard</surname>
              <given-names>M</given-names>
            </name>
            <name>
              <surname>Roberts</surname>
              <given-names>B</given-names>
            </name>
            <name>
              <surname>Liu</surname>
              <given-names>Y</given-names>
            </name>
            <name>
              <surname>Li</surname>
              <given-names>J</given-names>
            </name>
            <name>
              <surname>Kral</surname>
              <given-names>A</given-names>
            </name>
            <name>
              <surname>Lejnine</surname>
              <given-names>S</given-names>
            </name>
            <name>
              <surname>Loboda</surname>
              <given-names>A</given-names>
            </name>
            <etal/>
          </person-group>
          <article-title>An unbiased oncology compound screen to identify novel combination strategies</article-title>
          <source>Mol Cancer Ther</source>
          <year>2016</year>
          <volume>15</volume>
          <issue>6</issue>
          <fpage>1155</fpage>
          <lpage>62</lpage>
          <pub-id pub-id-type="doi">10.1158/1535-7163.MCT-15-0843</pub-id>
          <pub-id pub-id-type="pmid">26983881</pub-id>
        </element-citation>
      </ref>
      <ref id="CR16">
        <label>16</label>
        <element-citation publication-type="journal">
          <person-group person-group-type="author">
            <name>
              <surname>Iorio</surname>
              <given-names>F</given-names>
            </name>
            <name>
              <surname>Knijnenburg</surname>
              <given-names>TA</given-names>
            </name>
            <name>
              <surname>Vis</surname>
              <given-names>DJ</given-names>
            </name>
            <name>
              <surname>Bignell</surname>
              <given-names>GR</given-names>
            </name>
            <name>
              <surname>Menden</surname>
              <given-names>MP</given-names>
            </name>
            <name>
              <surname>Schubert</surname>
              <given-names>M</given-names>
            </name>
            <name>
              <surname>Aben</surname>
              <given-names>N</given-names>
            </name>
            <name>
              <surname>Gon&#xE7;alves</surname>
              <given-names>E</given-names>
            </name>
            <name>
              <surname>Barthorpe</surname>
              <given-names>S</given-names>
            </name>
            <name>
              <surname>Lightfoot</surname>
              <given-names>H</given-names>
            </name>
            <etal/>
          </person-group>
          <article-title>A landscape of pharmacogenomic interactions in cancer</article-title>
          <source>Cell</source>
          <year>2016</year>
          <volume>166</volume>
          <issue>3</issue>
          <fpage>740</fpage>
          <lpage>54</lpage>
          <pub-id pub-id-type="doi">10.1016/j.cell.2016.06.017</pub-id>
          <pub-id pub-id-type="pmid">27397505</pub-id>
        </element-citation>
      </ref>
      <ref id="CR17">
        <label>17</label>
        <mixed-citation publication-type="other">Cerami E, Gao J, Dogrusoz U, Gross BE, Sumer SO, Aksoy BA, Jacobsen A, Byrne CJ, Heuer ML, Larsson E, et al. AACR. 2012.</mixed-citation>
      </ref>
      <ref id="CR18">
        <label>18</label>
        <element-citation publication-type="journal">
          <person-group person-group-type="author">
            <name>
              <surname>Law</surname>
              <given-names>V</given-names>
            </name>
            <name>
              <surname>Knox</surname>
              <given-names>C</given-names>
            </name>
            <name>
              <surname>Djoumbou</surname>
              <given-names>Y</given-names>
            </name>
            <name>
              <surname>Jewison</surname>
              <given-names>T</given-names>
            </name>
            <name>
              <surname>Guo</surname>
              <given-names>AC</given-names>
            </name>
            <name>
              <surname>Liu</surname>
              <given-names>Y</given-names>
            </name>
            <name>
              <surname>Maciejewski</surname>
              <given-names>A</given-names>
            </name>
            <name>
              <surname>Arndt</surname>
              <given-names>D</given-names>
            </name>
            <name>
              <surname>Wilson</surname>
              <given-names>M</given-names>
            </name>
            <name>
              <surname>Neveu</surname>
              <given-names>V</given-names>
            </name>
            <etal/>
          </person-group>
          <article-title>Drugbank 4.0: shedding new light on drug metabolism</article-title>
          <source>Nucleic Acids Res</source>
          <year>2013</year>
          <volume>42</volume>
          <issue>D1</issue>
          <fpage>1091</fpage>
          <lpage>7</lpage>
          <pub-id pub-id-type="doi">10.1093/nar/gkt1068</pub-id>
        </element-citation>
      </ref>
      <ref id="CR19">
        <label>19</label>
        <element-citation publication-type="journal">
          <person-group person-group-type="author">
            <name>
              <surname>Yang</surname>
              <given-names>W</given-names>
            </name>
            <name>
              <surname>Soares</surname>
              <given-names>J</given-names>
            </name>
            <name>
              <surname>Greninger</surname>
              <given-names>P</given-names>
            </name>
            <name>
              <surname>Edelman</surname>
              <given-names>EJ</given-names>
            </name>
            <name>
              <surname>Lightfoot</surname>
              <given-names>H</given-names>
            </name>
            <name>
              <surname>Forbes</surname>
              <given-names>S</given-names>
            </name>
            <name>
              <surname>Bindal</surname>
              <given-names>N</given-names>
            </name>
            <name>
              <surname>Beare</surname>
              <given-names>D</given-names>
            </name>
            <name>
              <surname>Smith</surname>
              <given-names>JA</given-names>
            </name>
            <name>
              <surname>Thompson</surname>
              <given-names>IR</given-names>
            </name>
            <etal/>
          </person-group>
          <article-title>Genomics of drug sensitivity in cancer (gdsc): a resource for therapeutic biomarker discovery in cancer cells</article-title>
          <source>Nucleic Acids Res</source>
          <year>2012</year>
          <volume>41</volume>
          <issue>D1</issue>
          <fpage>955</fpage>
          <lpage>61</lpage>
          <pub-id pub-id-type="doi">10.1093/nar/gks1111</pub-id>
        </element-citation>
      </ref>
      <ref id="CR20">
        <label>20</label>
        <element-citation publication-type="journal">
          <person-group person-group-type="author">
            <name>
              <surname>Yadav</surname>
              <given-names>B</given-names>
            </name>
            <name>
              <surname>Pemovska</surname>
              <given-names>T</given-names>
            </name>
            <name>
              <surname>Szwajda</surname>
              <given-names>A</given-names>
            </name>
            <name>
              <surname>Kulesskiy</surname>
              <given-names>E</given-names>
            </name>
            <name>
              <surname>Kontro</surname>
              <given-names>M</given-names>
            </name>
            <name>
              <surname>Karjalainen</surname>
              <given-names>R</given-names>
            </name>
            <name>
              <surname>Majumder</surname>
              <given-names>MM</given-names>
            </name>
            <name>
              <surname>Malani</surname>
              <given-names>D</given-names>
            </name>
            <name>
              <surname>Murum&#xE4;gi</surname>
              <given-names>A</given-names>
            </name>
            <name>
              <surname>Knowles</surname>
              <given-names>J</given-names>
            </name>
            <etal/>
          </person-group>
          <article-title>Quantitative scoring of differential drug sensitivity for individually optimized anticancer therapies</article-title>
          <source>Sci Rep</source>
          <year>2014</year>
          <volume>4</volume>
          <fpage>5193</fpage>
          <pub-id pub-id-type="doi">10.1038/srep05193</pub-id>
          <pub-id pub-id-type="pmid">24898935</pub-id>
        </element-citation>
      </ref>
      <ref id="CR21">
        <label>21</label>
        <element-citation publication-type="journal">
          <person-group person-group-type="author">
            <name>
              <surname>Guo</surname>
              <given-names>J</given-names>
            </name>
            <name>
              <surname>Liu</surname>
              <given-names>H</given-names>
            </name>
            <name>
              <surname>Zheng</surname>
              <given-names>J</given-names>
            </name>
          </person-group>
          <article-title>Synlethdb: synthetic lethality database toward discovery of selective and sensitive anticancer drug targets</article-title>
          <source>Nucleic Acids Res</source>
          <year>2016</year>
          <volume>44</volume>
          <issue>D1</issue>
          <fpage>1011</fpage>
          <lpage>7</lpage>
          <pub-id pub-id-type="doi">10.1093/nar/gkv1108</pub-id>
        </element-citation>
      </ref>
      <ref id="CR22">
        <label>22</label>
        <element-citation publication-type="journal">
          <person-group person-group-type="author">
            <name>
              <surname>Pedregosa</surname>
              <given-names>F</given-names>
            </name>
            <name>
              <surname>Varoquaux</surname>
              <given-names>G</given-names>
            </name>
            <name>
              <surname>Gramfort</surname>
              <given-names>A</given-names>
            </name>
            <name>
              <surname>Michel</surname>
              <given-names>V</given-names>
            </name>
            <name>
              <surname>Thirion</surname>
              <given-names>B</given-names>
            </name>
            <name>
              <surname>Grisel</surname>
              <given-names>O</given-names>
            </name>
            <name>
              <surname>Blondel</surname>
              <given-names>M</given-names>
            </name>
            <name>
              <surname>Prettenhofer</surname>
              <given-names>P</given-names>
            </name>
            <name>
              <surname>Weiss</surname>
              <given-names>R</given-names>
            </name>
            <name>
              <surname>Dubourg</surname>
              <given-names>V</given-names>
            </name>
            <name>
              <surname>Vanderplas</surname>
              <given-names>J</given-names>
            </name>
            <name>
              <surname>Passos</surname>
              <given-names>A</given-names>
            </name>
            <name>
              <surname>Cournapeau</surname>
              <given-names>D</given-names>
            </name>
            <name>
              <surname>Brucher</surname>
              <given-names>M</given-names>
            </name>
            <name>
              <surname>Perrot</surname>
              <given-names>M</given-names>
            </name>
            <name>
              <surname>Duchesnay</surname>
              <given-names>E</given-names>
            </name>
          </person-group>
          <article-title>Scikit-learn: Machine learning in Python</article-title>
          <source>J Mach Learn Res</source>
          <year>2011</year>
          <volume>12</volume>
          <fpage>2825</fpage>
          <lpage>30</lpage>
        </element-citation>
      </ref>
      <ref id="CR23">
        <label>23</label>
        <element-citation publication-type="journal">
          <person-group person-group-type="author">
            <name>
              <surname>Geurts</surname>
              <given-names>P</given-names>
            </name>
            <name>
              <surname>Ernst</surname>
              <given-names>D</given-names>
            </name>
            <name>
              <surname>Wehenkel</surname>
              <given-names>L</given-names>
            </name>
          </person-group>
          <article-title>Extremely randomized trees</article-title>
          <source>Mach Learn</source>
          <year>2006</year>
          <volume>63</volume>
          <issue>1</issue>
          <fpage>3</fpage>
          <lpage>42</lpage>
          <pub-id pub-id-type="doi">10.1007/s10994-006-6226-1</pub-id>
        </element-citation>
      </ref>
      <ref id="CR24">
        <label>24</label>
        <element-citation publication-type="journal">
          <person-group person-group-type="author">
            <name>
              <surname>Meng</surname>
              <given-names>RD</given-names>
            </name>
            <name>
              <surname>Shelton</surname>
              <given-names>CC</given-names>
            </name>
            <name>
              <surname>Li</surname>
              <given-names>YM</given-names>
            </name>
            <name>
              <surname>Qin</surname>
              <given-names>LX</given-names>
            </name>
            <name>
              <surname>Notterman</surname>
              <given-names>D</given-names>
            </name>
            <name>
              <surname>Paty</surname>
              <given-names>PB</given-names>
            </name>
            <name>
              <surname>Schwartz</surname>
              <given-names>GK</given-names>
            </name>
          </person-group>
          <article-title><italic>&#x3B3;</italic>-secretase inhibitors abrogate oxaliplatin-induced activation of the notch-1 signaling pathway in colon cancer cells resulting in enhanced chemosensitivity</article-title>
          <source>Cancer Res</source>
          <year>2009</year>
          <volume>69</volume>
          <issue>2</issue>
          <fpage>573</fpage>
          <lpage>82</lpage>
          <pub-id pub-id-type="doi">10.1158/0008-5472.CAN-08-2088</pub-id>
          <pub-id pub-id-type="pmid">19147571</pub-id>
        </element-citation>
      </ref>
      <ref id="CR25">
        <label>25</label>
        <element-citation publication-type="journal">
          <person-group person-group-type="author">
            <name>
              <surname>Wang</surname>
              <given-names>Z</given-names>
            </name>
            <name>
              <surname>Li</surname>
              <given-names>Y</given-names>
            </name>
            <name>
              <surname>Banerjee</surname>
              <given-names>S</given-names>
            </name>
            <name>
              <surname>Kong</surname>
              <given-names>D</given-names>
            </name>
            <name>
              <surname>Ahmad</surname>
              <given-names>A</given-names>
            </name>
            <name>
              <surname>Nogueira</surname>
              <given-names>V</given-names>
            </name>
            <name>
              <surname>Hay</surname>
              <given-names>N</given-names>
            </name>
            <name>
              <surname>Sarkar</surname>
              <given-names>FH</given-names>
            </name>
          </person-group>
          <article-title>Down-regulation of notch-1 and jagged-1 inhibits prostate cancer cell growth, migration and invasion, and induces apoptosis via inactivation of akt, mtor, and nf- <italic>&#x3BA;</italic>b signaling pathways</article-title>
          <source>J Cell Biochem</source>
          <year>2010</year>
          <volume>109</volume>
          <issue>4</issue>
          <fpage>726</fpage>
          <lpage>36</lpage>
          <pub-id pub-id-type="pmid">20052673</pub-id>
        </element-citation>
      </ref>
    </ref-list>
  </back>
</article>
</pmc-articleset>
